Pattern	Count_norm_by_all_reads_T	Count_norm_by_intratel_reads_T	Count_per_100_bp_intratel_read_T	Count_norm_by_all_reads_C	Count_norm_by_intratel_reads_C	Count_per_100_bp_intratel_read_C	log2_ratio_count_norm_by_intratel_reads	log2_ratio_count_per_100_bp_intratel_read
TTAGGG	NA	NA	NA	0.000486438316273747	8.07081234844246	5.34490884002812	NA	NA
TGAGGG	NA	NA	NA	2.70818908852502e-05	0.44933314680097	0.297571620397993	NA	NA
TCAGGG	NA	NA	NA	2.31835376438157e-05	0.384653049804141	0.25473711907559	NA	NA
GTTGGG	NA	NA	NA	1.29738994682492e-05	0.215258347323261	0.142555196902822	NA	NA
TAAGGG	NA	NA	NA	6.92962503010579e-06	0.114973885469129	0.0761416460060456	NA	NA
GTAGGG	NA	NA	NA	5.25308017897697e-06	0.0871572467823167	0.0577200309816667	NA	NA
TTCGGG	NA	NA	NA	5.00152818538765e-06	0.0829835851520239	0.0549560166569695	NA	NA
TTTGGG	NA	NA	NA	3.87024687343568e-06	0.0642137660884163	0.042525672906236	NA	NA
CTAGGG	NA	NA	NA	3.36292693105722e-06	0.0557964931915687	0.0369513199944164	NA	NA
GGGGGG	NA	NA	NA	2.2822370815031e-06	0.0378660697631039	0.025076867392784	NA	NA
CGAGGG	NA	NA	NA	1.13409194875185e-06	0.0188164521544488	0.0124612265923502	NA	NA
GTCGGG	NA	NA	NA	9.40158009560083e-07	0.0155987688864018	0.0103303105207959	NA	NA
CATGGG	NA	NA	NA	8.90971865562171e-07	0.0147826897966797	0.00978986079250313	NA	NA
AGAGGG	NA	NA	NA	8.65676134363245e-07	0.0143629919791084	0.00951191521795257	NA	NA
GGTGGG	NA	NA	NA	8.0243680636593e-07	0.01331374743518	0.00881705128157616	NA	NA
ATAGGG	NA	NA	NA	7.85572985566647e-07	0.0130339488901324	0.00863175423187579	NA	NA
GCTGGG	NA	NA	NA	7.78546393566945e-07	0.0129173661630293	0.00855454712783396	NA	NA
ATTGGG	NA	NA	NA	7.29360249569033e-07	0.0121012870733072	0.00801409739954121	NA	NA
GGAGGG	NA	NA	NA	6.04286911974343e-07	0.0100261145308711	0.00663981094759676	NA	NA
TGTGGG	NA	NA	NA	5.67748633575895e-07	0.00941988434993471	0.00623833400657928	NA	NA
TCCGGG	NA	NA	NA	4.87645484779296e-07	0.00809084126095878	0.0053581730205025	NA	NA
CAAGGG	NA	NA	NA	4.37054022381444e-07	0.00725144562581608	0.00480228187140138	NA	NA
GAAGGG	NA	NA	NA	3.51329599985083e-07	0.00582913635515762	0.00386035520209114	NA	NA
GACGGG	NA	NA	NA	3.47113644785262e-07	0.00575918671889573	0.00381403093966605	NA	NA
CTTGGG	NA	NA	NA	3.47113644785262e-07	0.00575918671889573	0.00381403093966605	NA	NA
TATGGG	NA	NA	NA	3.33060460785859e-07	0.00552602126468942	0.0036596167315824	NA	NA
TCTGGG	NA	NA	NA	3.09170047986873e-07	0.00512963999253871	0.0033971125778402	NA	NA
ACTGGG	NA	NA	NA	2.9652218238741e-07	0.00491979108375303	0.00325813979056492	NA	NA
AGCGGG	NA	NA	NA	2.9511686398747e-07	0.0048964745383324	0.00324269836975656	NA	NA
CCAGGG	NA	NA	NA	2.85279635187888e-07	0.00473325872038799	0.003134608424098	NA	NA
GCAGGG	NA	NA	NA	2.43120083189678e-07	0.00403376235776907	0.00267136579984707	NA	NA
CCCGGG	NA	NA	NA	2.29066899190274e-07	0.00380059690356277	0.00251695159176342	NA	NA
CCTGGG	NA	NA	NA	1.88312665592005e-07	0.00312441708636448	0.00206915038832085	NA	NA
TGCGGG	NA	NA	NA	1.82691391992243e-07	0.00303115090468196	0.00200738470508739	NA	NA
ACAGGG	NA	NA	NA	1.72854163192661e-07	0.00286793508673755	0.00189929475942884	NA	NA
GGCGGG	NA	NA	NA	1.40531839994033e-07	0.00233165454206305	0.00154414208083646	NA	NA
GATGGG	NA	NA	NA	1.15236108795107e-07	0.0019119567244917	0.00126619650628589	NA	NA
CGCGGG	NA	NA	NA	1.06804198395465e-07	0.00177205745196792	0.00117354798143571	NA	NA
CACGGG	NA	NA	NA	9.2751014396062e-08	0.00153889199776161	0.00101913377335206	NA	NA
GCCGGG	NA	NA	NA	8.71297407963007e-08	0.00144562581607909	0.000957368090118602	NA	NA
AGTGGG	NA	NA	NA	8.0103148796599e-08	0.00132904308897594	0.00088016098607678	NA	NA
AAAGGG	NA	NA	NA	7.02659199970167e-08	0.00116582727103152	0.000772071040418228	NA	NA
CGTGGG	NA	NA	NA	5.62127359976133e-08	0.000932661816825219	0.000617656832334582	NA	NA
TACGGG	NA	NA	NA	4.49701887980907e-08	0.000746129453460175	0.000494125465867666	NA	NA
AATGGG	NA	NA	NA	4.49701887980907e-08	0.000746129453460175	0.000494125465867666	NA	NA
CTCGGG	NA	NA	NA	4.35648703981503e-08	0.000722812908039545	0.000478684045059301	NA	NA
ATCGGG	NA	NA	NA	3.09170047986873e-08	0.000512963999253871	0.00033971125778402	NA	NA
ACCGGG	NA	NA	NA	1.54585023993437e-08	0.000256481999626935	0.00016985562889201	NA	NA
AACGGG	NA	NA	NA	9.83722879958233e-09	0.000163215817944413	0.000108089945658552	NA	NA
TTA	NA	NA	NA	NA	NA	NA	NA	NA
