chr	band	reads_with_pattern	TTAGGG	CCCTAA	TGAGGG	CCCTCA	TCAGGG	CCCTGA	TTGGGG	CCCCAA	other
1	junction1	0	0	0	0	0	0	0	0	0	0
1	p36.33	0	0	0	0	0	0	0	0	0	0
1	p36.32	0	0	0	0	0	0	0	0	0	0
1	p36.31	0	0	0	0	0	0	0	0	0	0
1	p36.23	0	0	0	0	0	0	0	0	0	0
1	p36.22	0	0	0	0	0	0	0	0	0	0
1	p36.21	0	0	0	0	0	0	0	0	0	0
1	p36.13	0	0	0	0	0	0	0	0	0	0
1	p36.12	0	0	0	0	0	0	0	0	0	0
1	p36.11	0	0	0	0	0	0	0	0	0	0
1	p35.3	0	0	0	0	0	0	0	0	0	0
1	p35.2	0	0	0	0	0	0	0	0	0	0
1	p35.1	0	0	0	0	0	0	0	0	0	0
1	p34.3	0	0	0	0	0	0	0	0	0	0
1	p34.2	0	0	0	0	0	0	0	0	0	0
1	p34.1	0	0	0	0	0	0	0	0	0	0
1	p33	0	0	0	0	0	0	0	0	0	0
1	p32.3	0	0	0	0	0	0	0	0	0	0
1	p32.2	0	0	0	0	0	0	0	0	0	0
1	p32.1	0	0	0	0	0	0	0	0	0	0
1	p31.3	0	0	0	0	0	0	0	0	0	0
1	p31.2	0	0	0	0	0	0	0	0	0	0
1	p31.1	0	0	0	0	0	0	0	0	0	0
1	p22.3	0	0	0	0	0	0	0	0	0	0
1	p22.2	0	0	0	0	0	0	0	0	0	0
1	p22.1	0	0	0	0	0	0	0	0	0	0
1	p21.3	0	0	0	0	0	0	0	0	0	0
1	p21.2	0	0	0	0	0	0	0	0	0	0
1	p21.1	0	0	0	0	0	0	0	0	0	0
1	p13.3	0	0	0	0	0	0	0	0	0	0
1	p13.2	0	0	0	0	0	0	0	0	0	0
1	p13.1	0	0	0	0	0	0	0	0	0	0
1	p12	0	0	0	0	0	0	0	0	0	0
1	p11.2	0	0	0	0	0	0	0	0	0	0
1	p11.1	0	0	0	0	0	0	0	0	0	0
1	q11	0	0	0	0	0	0	0	0	0	0
1	q12	0	0	0	0	0	0	0	0	0	0
1	q21.1	0	0	0	0	0	0	0	0	0	0
1	q21.2	0	0	0	0	0	0	0	0	0	0
1	q21.3	0	0	0	0	0	0	0	0	0	0
1	q22	0	0	0	0	0	0	0	0	0	0
1	q23.1	0	0	0	0	0	0	0	0	0	0
1	q23.2	0	0	0	0	0	0	0	0	0	0
1	q23.3	0	0	0	0	0	0	0	0	0	0
1	q24.1	0	0	0	0	0	0	0	0	0	0
1	q24.2	0	0	0	0	0	0	0	0	0	0
1	q24.3	0	0	0	0	0	0	0	0	0	0
1	q25.1	0	0	0	0	0	0	0	0	0	0
1	q25.2	0	0	0	0	0	0	0	0	0	0
1	q25.3	0	0	0	0	0	0	0	0	0	0
1	q31.1	0	0	0	0	0	0	0	0	0	0
1	q31.2	0	0	0	0	0	0	0	0	0	0
1	q31.3	0	0	0	0	0	0	0	0	0	0
1	q32.1	0	0	0	0	0	0	0	0	0	0
1	q32.2	0	0	0	0	0	0	0	0	0	0
1	q32.3	0	0	0	0	0	0	0	0	0	0
1	q41	0	0	0	0	0	0	0	0	0	0
1	q42.11	0	0	0	0	0	0	0	0	0	0
1	q42.12	0	0	0	0	0	0	0	0	0	0
1	q42.13	0	0	0	0	0	0	0	0	0	0
1	q42.2	0	0	0	0	0	0	0	0	0	0
1	q42.3	0	0	0	0	0	0	0	0	0	0
1	q43	0	0	0	0	0	0	0	0	0	0
1	q44	0	0	0	0	0	0	0	0	0	0
1	junction2	0	0	0	0	0	0	0	0	0	0
2	junction1	0	0	0	0	0	0	0	0	0	0
2	p25.3	0	0	0	0	0	0	0	0	0	0
2	p25.2	0	0	0	0	0	0	0	0	0	0
2	p25.1	0	0	0	0	0	0	0	0	0	0
2	p24.3	0	0	0	0	0	0	0	0	0	0
2	p24.2	0	0	0	0	0	0	0	0	0	0
2	p24.1	0	0	0	0	0	0	0	0	0	0
2	p23.3	0	0	0	0	0	0	0	0	0	0
2	p23.2	0	0	0	0	0	0	0	0	0	0
2	p23.1	0	0	0	0	0	0	0	0	0	0
2	p22.3	0	0	0	0	0	0	0	0	0	0
2	p22.2	0	0	0	0	0	0	0	0	0	0
2	p22.1	0	0	0	0	0	0	0	0	0	0
2	p21	0	0	0	0	0	0	0	0	0	0
2	p16.3	0	0	0	0	0	0	0	0	0	0
2	p16.2	0	0	0	0	0	0	0	0	0	0
2	p16.1	0	0	0	0	0	0	0	0	0	0
2	p15	0	0	0	0	0	0	0	0	0	0
2	p14	0	0	0	0	0	0	0	0	0	0
2	p13.3	0	0	0	0	0	0	0	0	0	0
2	p13.2	0	0	0	0	0	0	0	0	0	0
2	p13.1	0	0	0	0	0	0	0	0	0	0
2	p12	0	0	0	0	0	0	0	0	0	0
2	p11.2	0	0	0	0	0	0	0	0	0	0
2	p11.1	0	0	0	0	0	0	0	0	0	0
2	q11.1	0	0	0	0	0	0	0	0	0	0
2	q11.2	0	0	0	0	0	0	0	0	0	0
2	q12.1	0	0	0	0	0	0	0	0	0	0
2	q12.2	0	0	0	0	0	0	0	0	0	0
2	q12.3	0	0	0	0	0	0	0	0	0	0
2	q13	0	0	0	0	0	0	0	0	0	0
2	q14.1	0	0	0	0	0	0	0	0	0	0
2	q14.2	0	0	0	0	0	0	0	0	0	0
2	q14.3	0	0	0	0	0	0	0	0	0	0
2	q21.1	0	0	0	0	0	0	0	0	0	0
2	q21.2	0	0	0	0	0	0	0	0	0	0
2	q21.3	0	0	0	0	0	0	0	0	0	0
2	q22.1	0	0	0	0	0	0	0	0	0	0
2	q22.2	0	0	0	0	0	0	0	0	0	0
2	q22.3	0	0	0	0	0	0	0	0	0	0
2	q23.1	0	0	0	0	0	0	0	0	0	0
2	q23.2	0	0	0	0	0	0	0	0	0	0
2	q23.3	0	0	0	0	0	0	0	0	0	0
2	q24.1	0	0	0	0	0	0	0	0	0	0
2	q24.2	0	0	0	0	0	0	0	0	0	0
2	q24.3	0	0	0	0	0	0	0	0	0	0
2	q31.1	0	0	0	0	0	0	0	0	0	0
2	q31.2	0	0	0	0	0	0	0	0	0	0
2	q31.3	0	0	0	0	0	0	0	0	0	0
2	q32.1	0	0	0	0	0	0	0	0	0	0
2	q32.2	0	0	0	0	0	0	0	0	0	0
2	q32.3	0	0	0	0	0	0	0	0	0	0
2	q33.1	0	0	0	0	0	0	0	0	0	0
2	q33.2	0	0	0	0	0	0	0	0	0	0
2	q33.3	0	0	0	0	0	0	0	0	0	0
2	q34	0	0	0	0	0	0	0	0	0	0
2	q35	0	0	0	0	0	0	0	0	0	0
2	q36.1	0	0	0	0	0	0	0	0	0	0
2	q36.2	0	0	0	0	0	0	0	0	0	0
2	q36.3	0	0	0	0	0	0	0	0	0	0
2	q37.1	0	0	0	0	0	0	0	0	0	0
2	q37.2	0	0	0	0	0	0	0	0	0	0
2	q37.3	0	0	0	0	0	0	0	0	0	0
2	junction2	0	0	0	0	0	0	0	0	0	0
3	junction1	0	0	0	0	0	0	0	0	0	0
3	p26.3	0	0	0	0	0	0	0	0	0	0
3	p26.2	0	0	0	0	0	0	0	0	0	0
3	p26.1	0	0	0	0	0	0	0	0	0	0
3	p25.3	0	0	0	0	0	0	0	0	0	0
3	p25.2	0	0	0	0	0	0	0	0	0	0
3	p25.1	0	0	0	0	0	0	0	0	0	0
3	p24.3	0	0	0	0	0	0	0	0	0	0
3	p24.2	0	0	0	0	0	0	0	0	0	0
3	p24.1	0	0	0	0	0	0	0	0	0	0
3	p23	0	0	0	0	0	0	0	0	0	0
3	p22.3	0	0	0	0	0	0	0	0	0	0
3	p22.2	0	0	0	0	0	0	0	0	0	0
3	p22.1	0	0	0	0	0	0	0	0	0	0
3	p21.33	0	0	0	0	0	0	0	0	0	0
3	p21.32	0	0	0	0	0	0	0	0	0	0
3	p21.31	0	0	0	0	0	0	0	0	0	0
3	p21.2	0	0	0	0	0	0	0	0	0	0
3	p21.1	0	0	0	0	0	0	0	0	0	0
3	p14.3	0	0	0	0	0	0	0	0	0	0
3	p14.2	0	0	0	0	0	0	0	0	0	0
3	p14.1	0	0	0	0	0	0	0	0	0	0
3	p13	0	0	0	0	0	0	0	0	0	0
3	p12.3	0	0	0	0	0	0	0	0	0	0
3	p12.2	0	0	0	0	0	0	0	0	0	0
3	p12.1	0	0	0	0	0	0	0	0	0	0
3	p11.2	0	0	0	0	0	0	0	0	0	0
3	p11.1	0	0	0	0	0	0	0	0	0	0
3	q11.1	0	0	0	0	0	0	0	0	0	0
3	q11.2	0	0	0	0	0	0	0	0	0	0
3	q12.1	0	0	0	0	0	0	0	0	0	0
3	q12.2	0	0	0	0	0	0	0	0	0	0
3	q12.3	0	0	0	0	0	0	0	0	0	0
3	q13.11	0	0	0	0	0	0	0	0	0	0
3	q13.12	0	0	0	0	0	0	0	0	0	0
3	q13.13	0	0	0	0	0	0	0	0	0	0
3	q13.2	0	0	0	0	0	0	0	0	0	0
3	q13.31	0	0	0	0	0	0	0	0	0	0
3	q13.32	0	0	0	0	0	0	0	0	0	0
3	q13.33	0	0	0	0	0	0	0	0	0	0
3	q21.1	0	0	0	0	0	0	0	0	0	0
3	q21.2	0	0	0	0	0	0	0	0	0	0
3	q21.3	0	0	0	0	0	0	0	0	0	0
3	q22.1	0	0	0	0	0	0	0	0	0	0
3	q22.2	0	0	0	0	0	0	0	0	0	0
3	q22.3	0	0	0	0	0	0	0	0	0	0
3	q23	0	0	0	0	0	0	0	0	0	0
3	q24	0	0	0	0	0	0	0	0	0	0
3	q25.1	0	0	0	0	0	0	0	0	0	0
3	q25.2	0	0	0	0	0	0	0	0	0	0
3	q25.31	0	0	0	0	0	0	0	0	0	0
3	q25.32	0	0	0	0	0	0	0	0	0	0
3	q25.33	0	0	0	0	0	0	0	0	0	0
3	q26.1	0	0	0	0	0	0	0	0	0	0
3	q26.2	0	0	0	0	0	0	0	0	0	0
3	q26.31	0	0	0	0	0	0	0	0	0	0
3	q26.32	0	0	0	0	0	0	0	0	0	0
3	q26.33	0	0	0	0	0	0	0	0	0	0
3	q27.1	0	0	0	0	0	0	0	0	0	0
3	q27.2	0	0	0	0	0	0	0	0	0	0
3	q27.3	0	0	0	0	0	0	0	0	0	0
3	q28	0	0	0	0	0	0	0	0	0	0
3	q29	0	0	0	0	0	0	0	0	0	0
3	junction2	0	0	0	0	0	0	0	0	0	0
4	junction1	0	0	0	0	0	0	0	0	0	0
4	p16.3	0	0	0	0	0	0	0	0	0	0
4	p16.2	0	0	0	0	0	0	0	0	0	0
4	p16.1	0	0	0	0	0	0	0	0	0	0
4	p15.33	0	0	0	0	0	0	0	0	0	0
4	p15.32	0	0	0	0	0	0	0	0	0	0
4	p15.31	0	0	0	0	0	0	0	0	0	0
4	p15.2	0	0	0	0	0	0	0	0	0	0
4	p15.1	0	0	0	0	0	0	0	0	0	0
4	p14	0	0	0	0	0	0	0	0	0	0
4	p13	0	0	0	0	0	0	0	0	0	0
4	p12	0	0	0	0	0	0	0	0	0	0
4	p11	0	0	0	0	0	0	0	0	0	0
4	q11	0	0	0	0	0	0	0	0	0	0
4	q12	0	0	0	0	0	0	0	0	0	0
4	q13.1	0	0	0	0	0	0	0	0	0	0
4	q13.2	0	0	0	0	0	0	0	0	0	0
4	q13.3	0	0	0	0	0	0	0	0	0	0
4	q21.1	0	0	0	0	0	0	0	0	0	0
4	q21.21	0	0	0	0	0	0	0	0	0	0
4	q21.22	0	0	0	0	0	0	0	0	0	0
4	q21.23	0	0	0	0	0	0	0	0	0	0
4	q21.3	0	0	0	0	0	0	0	0	0	0
4	q22.1	0	0	0	0	0	0	0	0	0	0
4	q22.2	0	0	0	0	0	0	0	0	0	0
4	q22.3	0	0	0	0	0	0	0	0	0	0
4	q23	0	0	0	0	0	0	0	0	0	0
4	q24	0	0	0	0	0	0	0	0	0	0
4	q25	0	0	0	0	0	0	0	0	0	0
4	q26	0	0	0	0	0	0	0	0	0	0
4	q27	0	0	0	0	0	0	0	0	0	0
4	q28.1	0	0	0	0	0	0	0	0	0	0
4	q28.2	0	0	0	0	0	0	0	0	0	0
4	q28.3	0	0	0	0	0	0	0	0	0	0
4	q31.1	0	0	0	0	0	0	0	0	0	0
4	q31.21	0	0	0	0	0	0	0	0	0	0
4	q31.22	0	0	0	0	0	0	0	0	0	0
4	q31.23	0	0	0	0	0	0	0	0	0	0
4	q31.3	0	0	0	0	0	0	0	0	0	0
4	q32.1	0	0	0	0	0	0	0	0	0	0
4	q32.2	0	0	0	0	0	0	0	0	0	0
4	q32.3	0	0	0	0	0	0	0	0	0	0
4	q33	0	0	0	0	0	0	0	0	0	0
4	q34.1	0	0	0	0	0	0	0	0	0	0
4	q34.2	0	0	0	0	0	0	0	0	0	0
4	q34.3	0	0	0	0	0	0	0	0	0	0
4	q35.1	0	0	0	0	0	0	0	0	0	0
4	q35.2	0	0	0	0	0	0	0	0	0	0
4	junction2	0	0	0	0	0	0	0	0	0	0
5	junction1	0	0	0	0	0	0	0	0	0	0
5	p15.33	0	0	0	0	0	0	0	0	0	0
5	p15.32	0	0	0	0	0	0	0	0	0	0
5	p15.31	0	0	0	0	0	0	0	0	0	0
5	p15.2	0	0	0	0	0	0	0	0	0	0
5	p15.1	0	0	0	0	0	0	0	0	0	0
5	p14.3	0	0	0	0	0	0	0	0	0	0
5	p14.2	0	0	0	0	0	0	0	0	0	0
5	p14.1	0	0	0	0	0	0	0	0	0	0
5	p13.3	0	0	0	0	0	0	0	0	0	0
5	p13.2	0	0	0	0	0	0	0	0	0	0
5	p13.1	0	0	0	0	0	0	0	0	0	0
5	p12	0	0	0	0	0	0	0	0	0	0
5	p11	0	0	0	0	0	0	0	0	0	0
5	q11.1	0	0	0	0	0	0	0	0	0	0
5	q11.2	0	0	0	0	0	0	0	0	0	0
5	q12.1	0	0	0	0	0	0	0	0	0	0
5	q12.2	0	0	0	0	0	0	0	0	0	0
5	q12.3	0	0	0	0	0	0	0	0	0	0
5	q13.1	0	0	0	0	0	0	0	0	0	0
5	q13.2	0	0	0	0	0	0	0	0	0	0
5	q13.3	0	0	0	0	0	0	0	0	0	0
5	q14.1	0	0	0	0	0	0	0	0	0	0
5	q14.2	0	0	0	0	0	0	0	0	0	0
5	q14.3	0	0	0	0	0	0	0	0	0	0
5	q15	0	0	0	0	0	0	0	0	0	0
5	q21.1	0	0	0	0	0	0	0	0	0	0
5	q21.2	0	0	0	0	0	0	0	0	0	0
5	q21.3	0	0	0	0	0	0	0	0	0	0
5	q22.1	0	0	0	0	0	0	0	0	0	0
5	q22.2	0	0	0	0	0	0	0	0	0	0
5	q22.3	0	0	0	0	0	0	0	0	0	0
5	q23.1	0	0	0	0	0	0	0	0	0	0
5	q23.2	0	0	0	0	0	0	0	0	0	0
5	q23.3	0	0	0	0	0	0	0	0	0	0
5	q31.1	0	0	0	0	0	0	0	0	0	0
5	q31.2	0	0	0	0	0	0	0	0	0	0
5	q31.3	0	0	0	0	0	0	0	0	0	0
5	q32	0	0	0	0	0	0	0	0	0	0
5	q33.1	0	0	0	0	0	0	0	0	0	0
5	q33.2	0	0	0	0	0	0	0	0	0	0
5	q33.3	0	0	0	0	0	0	0	0	0	0
5	q34	0	0	0	0	0	0	0	0	0	0
5	q35.1	0	0	0	0	0	0	0	0	0	0
5	q35.2	0	0	0	0	0	0	0	0	0	0
5	q35.3	0	0	0	0	0	0	0	0	0	0
5	junction2	0	0	0	0	0	0	0	0	0	0
6	junction1	0	0	0	0	0	0	0	0	0	0
6	p25.3	0	0	0	0	0	0	0	0	0	0
6	p25.2	0	0	0	0	0	0	0	0	0	0
6	p25.1	0	0	0	0	0	0	0	0	0	0
6	p24.3	0	0	0	0	0	0	0	0	0	0
6	p24.2	0	0	0	0	0	0	0	0	0	0
6	p24.1	0	0	0	0	0	0	0	0	0	0
6	p23	0	0	0	0	0	0	0	0	0	0
6	p22.3	0	0	0	0	0	0	0	0	0	0
6	p22.2	0	0	0	0	0	0	0	0	0	0
6	p22.1	0	0	0	0	0	0	0	0	0	0
6	p21.33	0	0	0	0	0	0	0	0	0	0
6	p21.32	0	0	0	0	0	0	0	0	0	0
6	p21.31	0	0	0	0	0	0	0	0	0	0
6	p21.2	0	0	0	0	0	0	0	0	0	0
6	p21.1	0	0	0	0	0	0	0	0	0	0
6	p12.3	0	0	0	0	0	0	0	0	0	0
6	p12.2	0	0	0	0	0	0	0	0	0	0
6	p12.1	0	0	0	0	0	0	0	0	0	0
6	p11.2	0	0	0	0	0	0	0	0	0	0
6	p11.1	0	0	0	0	0	0	0	0	0	0
6	q11.1	0	0	0	0	0	0	0	0	0	0
6	q11.2	0	0	0	0	0	0	0	0	0	0
6	q12	0	0	0	0	0	0	0	0	0	0
6	q13	0	0	0	0	0	0	0	0	0	0
6	q14.1	0	0	0	0	0	0	0	0	0	0
6	q14.2	0	0	0	0	0	0	0	0	0	0
6	q14.3	0	0	0	0	0	0	0	0	0	0
6	q15	0	0	0	0	0	0	0	0	0	0
6	q16.1	0	0	0	0	0	0	0	0	0	0
6	q16.2	0	0	0	0	0	0	0	0	0	0
6	q16.3	0	0	0	0	0	0	0	0	0	0
6	q21	0	0	0	0	0	0	0	0	0	0
6	q22.1	0	0	0	0	0	0	0	0	0	0
6	q22.2	0	0	0	0	0	0	0	0	0	0
6	q22.31	0	0	0	0	0	0	0	0	0	0
6	q22.32	0	0	0	0	0	0	0	0	0	0
6	q22.33	0	0	0	0	0	0	0	0	0	0
6	q23.1	0	0	0	0	0	0	0	0	0	0
6	q23.2	0	0	0	0	0	0	0	0	0	0
6	q23.3	0	0	0	0	0	0	0	0	0	0
6	q24.1	0	0	0	0	0	0	0	0	0	0
6	q24.2	0	0	0	0	0	0	0	0	0	0
6	q24.3	0	0	0	0	0	0	0	0	0	0
6	q25.1	0	0	0	0	0	0	0	0	0	0
6	q25.2	0	0	0	0	0	0	0	0	0	0
6	q25.3	0	0	0	0	0	0	0	0	0	0
6	q26	0	0	0	0	0	0	0	0	0	0
6	q27	0	0	0	0	0	0	0	0	0	0
6	junction2	0	0	0	0	0	0	0	0	0	0
7	junction1	0	0	0	0	0	0	0	0	0	0
7	p22.3	0	0	0	0	0	0	0	0	0	0
7	p22.2	0	0	0	0	0	0	0	0	0	0
7	p22.1	0	0	0	0	0	0	0	0	0	0
7	p21.3	0	0	0	0	0	0	0	0	0	0
7	p21.2	0	0	0	0	0	0	0	0	0	0
7	p21.1	0	0	0	0	0	0	0	0	0	0
7	p15.3	0	0	0	0	0	0	0	0	0	0
7	p15.2	0	0	0	0	0	0	0	0	0	0
7	p15.1	0	0	0	0	0	0	0	0	0	0
7	p14.3	0	0	0	0	0	0	0	0	0	0
7	p14.2	0	0	0	0	0	0	0	0	0	0
7	p14.1	0	0	0	0	0	0	0	0	0	0
7	p13	0	0	0	0	0	0	0	0	0	0
7	p12.3	0	0	0	0	0	0	0	0	0	0
7	p12.2	0	0	0	0	0	0	0	0	0	0
7	p12.1	0	0	0	0	0	0	0	0	0	0
7	p11.2	0	0	0	0	0	0	0	0	0	0
7	p11.1	0	0	0	0	0	0	0	0	0	0
7	q11.1	0	0	0	0	0	0	0	0	0	0
7	q11.21	0	0	0	0	0	0	0	0	0	0
7	q11.22	0	0	0	0	0	0	0	0	0	0
7	q11.23	0	0	0	0	0	0	0	0	0	0
7	q21.11	0	0	0	0	0	0	0	0	0	0
7	q21.12	0	0	0	0	0	0	0	0	0	0
7	q21.13	0	0	0	0	0	0	0	0	0	0
7	q21.2	0	0	0	0	0	0	0	0	0	0
7	q21.3	0	0	0	0	0	0	0	0	0	0
7	q22.1	0	0	0	0	0	0	0	0	0	0
7	q22.2	0	0	0	0	0	0	0	0	0	0
7	q22.3	0	0	0	0	0	0	0	0	0	0
7	q31.1	0	0	0	0	0	0	0	0	0	0
7	q31.2	0	0	0	0	0	0	0	0	0	0
7	q31.31	0	0	0	0	0	0	0	0	0	0
7	q31.32	0	0	0	0	0	0	0	0	0	0
7	q31.33	0	0	0	0	0	0	0	0	0	0
7	q32.1	0	0	0	0	0	0	0	0	0	0
7	q32.2	0	0	0	0	0	0	0	0	0	0
7	q32.3	0	0	0	0	0	0	0	0	0	0
7	q33	0	0	0	0	0	0	0	0	0	0
7	q34	0	0	0	0	0	0	0	0	0	0
7	q35	0	0	0	0	0	0	0	0	0	0
7	q36.1	0	0	0	0	0	0	0	0	0	0
7	q36.2	0	0	0	0	0	0	0	0	0	0
7	q36.3	0	0	0	0	0	0	0	0	0	0
7	junction2	0	0	0	0	0	0	0	0	0	0
8	junction1	0	0	0	0	0	0	0	0	0	0
8	p23.3	0	0	0	0	0	0	0	0	0	0
8	p23.2	0	0	0	0	0	0	0	0	0	0
8	p23.1	0	0	0	0	0	0	0	0	0	0
8	p22	0	0	0	0	0	0	0	0	0	0
8	p21.3	0	0	0	0	0	0	0	0	0	0
8	p21.2	0	0	0	0	0	0	0	0	0	0
8	p21.1	0	0	0	0	0	0	0	0	0	0
8	p12	0	0	0	0	0	0	0	0	0	0
8	p11.23	0	0	0	0	0	0	0	0	0	0
8	p11.22	0	0	0	0	0	0	0	0	0	0
8	p11.21	0	0	0	0	0	0	0	0	0	0
8	p11.1	0	0	0	0	0	0	0	0	0	0
8	q11.1	0	0	0	0	0	0	0	0	0	0
8	q11.21	0	0	0	0	0	0	0	0	0	0
8	q11.22	0	0	0	0	0	0	0	0	0	0
8	q11.23	0	0	0	0	0	0	0	0	0	0
8	q12.1	0	0	0	0	0	0	0	0	0	0
8	q12.2	0	0	0	0	0	0	0	0	0	0
8	q12.3	0	0	0	0	0	0	0	0	0	0
8	q13.1	0	0	0	0	0	0	0	0	0	0
8	q13.2	0	0	0	0	0	0	0	0	0	0
8	q13.3	0	0	0	0	0	0	0	0	0	0
8	q21.11	0	0	0	0	0	0	0	0	0	0
8	q21.12	0	0	0	0	0	0	0	0	0	0
8	q21.13	0	0	0	0	0	0	0	0	0	0
8	q21.2	0	0	0	0	0	0	0	0	0	0
8	q21.3	0	0	0	0	0	0	0	0	0	0
8	q22.1	0	0	0	0	0	0	0	0	0	0
8	q22.2	0	0	0	0	0	0	0	0	0	0
8	q22.3	0	0	0	0	0	0	0	0	0	0
8	q23.1	0	0	0	0	0	0	0	0	0	0
8	q23.2	0	0	0	0	0	0	0	0	0	0
8	q23.3	0	0	0	0	0	0	0	0	0	0
8	q24.11	0	0	0	0	0	0	0	0	0	0
8	q24.12	0	0	0	0	0	0	0	0	0	0
8	q24.13	0	0	0	0	0	0	0	0	0	0
8	q24.21	0	0	0	0	0	0	0	0	0	0
8	q24.22	0	0	0	0	0	0	0	0	0	0
8	q24.23	0	0	0	0	0	0	0	0	0	0
8	q24.3	0	0	0	0	0	0	0	0	0	0
8	junction2	0	0	0	0	0	0	0	0	0	0
9	junction1	0	0	0	0	0	0	0	0	0	0
9	p24.3	0	0	0	0	0	0	0	0	0	0
9	p24.2	0	0	0	0	0	0	0	0	0	0
9	p24.1	0	0	0	0	0	0	0	0	0	0
9	p23	0	0	0	0	0	0	0	0	0	0
9	p22.3	0	0	0	0	0	0	0	0	0	0
9	p22.2	0	0	0	0	0	0	0	0	0	0
9	p22.1	0	0	0	0	0	0	0	0	0	0
9	p21.3	0	0	0	0	0	0	0	0	0	0
9	p21.2	0	0	0	0	0	0	0	0	0	0
9	p21.1	0	0	0	0	0	0	0	0	0	0
9	p13.3	0	0	0	0	0	0	0	0	0	0
9	p13.2	0	0	0	0	0	0	0	0	0	0
9	p13.1	0	0	0	0	0	0	0	0	0	0
9	p12	0	0	0	0	0	0	0	0	0	0
9	p11.2	0	0	0	0	0	0	0	0	0	0
9	p11.1	0	0	0	0	0	0	0	0	0	0
9	q11	0	0	0	0	0	0	0	0	0	0
9	q12	0	0	0	0	0	0	0	0	0	0
9	q13	0	0	0	0	0	0	0	0	0	0
9	q21.11	0	0	0	0	0	0	0	0	0	0
9	q21.12	0	0	0	0	0	0	0	0	0	0
9	q21.13	0	0	0	0	0	0	0	0	0	0
9	q21.2	0	0	0	0	0	0	0	0	0	0
9	q21.31	0	0	0	0	0	0	0	0	0	0
9	q21.32	0	0	0	0	0	0	0	0	0	0
9	q21.33	0	0	0	0	0	0	0	0	0	0
9	q22.1	0	0	0	0	0	0	0	0	0	0
9	q22.2	0	0	0	0	0	0	0	0	0	0
9	q22.31	0	0	0	0	0	0	0	0	0	0
9	q22.32	0	0	0	0	0	0	0	0	0	0
9	q22.33	0	0	0	0	0	0	0	0	0	0
9	q31.1	0	0	0	0	0	0	0	0	0	0
9	q31.2	0	0	0	0	0	0	0	0	0	0
9	q31.3	0	0	0	0	0	0	0	0	0	0
9	q32	0	0	0	0	0	0	0	0	0	0
9	q33.1	0	0	0	0	0	0	0	0	0	0
9	q33.2	0	0	0	0	0	0	0	0	0	0
9	q33.3	0	0	0	0	0	0	0	0	0	0
9	q34.11	0	0	0	0	0	0	0	0	0	0
9	q34.12	0	0	0	0	0	0	0	0	0	0
9	q34.13	0	0	0	0	0	0	0	0	0	0
9	q34.2	0	0	0	0	0	0	0	0	0	0
9	q34.3	0	0	0	0	0	0	0	0	0	0
9	junction2	0	0	0	0	0	0	0	0	0	0
10	junction1	0	0	0	0	0	0	0	0	0	0
10	p15.3	0	0	0	0	0	0	0	0	0	0
10	p15.2	0	0	0	0	0	0	0	0	0	0
10	p15.1	0	0	0	0	0	0	0	0	0	0
10	p14	0	0	0	0	0	0	0	0	0	0
10	p13	0	0	0	0	0	0	0	0	0	0
10	p12.33	0	0	0	0	0	0	0	0	0	0
10	p12.32	0	0	0	0	0	0	0	0	0	0
10	p12.31	0	0	0	0	0	0	0	0	0	0
10	p12.2	0	0	0	0	0	0	0	0	0	0
10	p12.1	0	0	0	0	0	0	0	0	0	0
10	p11.23	0	0	0	0	0	0	0	0	0	0
10	p11.22	0	0	0	0	0	0	0	0	0	0
10	p11.21	0	0	0	0	0	0	0	0	0	0
10	p11.1	0	0	0	0	0	0	0	0	0	0
10	q11.1	0	0	0	0	0	0	0	0	0	0
10	q11.21	0	0	0	0	0	0	0	0	0	0
10	q11.22	0	0	0	0	0	0	0	0	0	0
10	q11.23	0	0	0	0	0	0	0	0	0	0
10	q21.1	0	0	0	0	0	0	0	0	0	0
10	q21.2	0	0	0	0	0	0	0	0	0	0
10	q21.3	0	0	0	0	0	0	0	0	0	0
10	q22.1	0	0	0	0	0	0	0	0	0	0
10	q22.2	0	0	0	0	0	0	0	0	0	0
10	q22.3	0	0	0	0	0	0	0	0	0	0
10	q23.1	0	0	0	0	0	0	0	0	0	0
10	q23.2	0	0	0	0	0	0	0	0	0	0
10	q23.31	0	0	0	0	0	0	0	0	0	0
10	q23.32	0	0	0	0	0	0	0	0	0	0
10	q23.33	0	0	0	0	0	0	0	0	0	0
10	q24.1	0	0	0	0	0	0	0	0	0	0
10	q24.2	0	0	0	0	0	0	0	0	0	0
10	q24.31	0	0	0	0	0	0	0	0	0	0
10	q24.32	0	0	0	0	0	0	0	0	0	0
10	q24.33	0	0	0	0	0	0	0	0	0	0
10	q25.1	0	0	0	0	0	0	0	0	0	0
10	q25.2	0	0	0	0	0	0	0	0	0	0
10	q25.3	0	0	0	0	0	0	0	0	0	0
10	q26.11	0	0	0	0	0	0	0	0	0	0
10	q26.12	0	0	0	0	0	0	0	0	0	0
10	q26.13	0	0	0	0	0	0	0	0	0	0
10	q26.2	0	0	0	0	0	0	0	0	0	0
10	q26.3	0	0	0	0	0	0	0	0	0	0
10	junction2	0	0	0	0	0	0	0	0	0	0
11	junction1	0	0	0	0	0	0	0	0	0	0
11	p15.5	0	0	0	0	0	0	0	0	0	0
11	p15.4	0	0	0	0	0	0	0	0	0	0
11	p15.3	0	0	0	0	0	0	0	0	0	0
11	p15.2	0	0	0	0	0	0	0	0	0	0
11	p15.1	0	0	0	0	0	0	0	0	0	0
11	p14.3	0	0	0	0	0	0	0	0	0	0
11	p14.2	0	0	0	0	0	0	0	0	0	0
11	p14.1	0	0	0	0	0	0	0	0	0	0
11	p13	0	0	0	0	0	0	0	0	0	0
11	p12	0	0	0	0	0	0	0	0	0	0
11	p11.2	0	0	0	0	0	0	0	0	0	0
11	p11.12	0	0	0	0	0	0	0	0	0	0
11	p11.11	0	0	0	0	0	0	0	0	0	0
11	q11	0	0	0	0	0	0	0	0	0	0
11	q12.1	0	0	0	0	0	0	0	0	0	0
11	q12.2	0	0	0	0	0	0	0	0	0	0
11	q12.3	0	0	0	0	0	0	0	0	0	0
11	q13.1	0	0	0	0	0	0	0	0	0	0
11	q13.2	0	0	0	0	0	0	0	0	0	0
11	q13.3	0	0	0	0	0	0	0	0	0	0
11	q13.4	0	0	0	0	0	0	0	0	0	0
11	q13.5	0	0	0	0	0	0	0	0	0	0
11	q14.1	0	0	0	0	0	0	0	0	0	0
11	q14.2	0	0	0	0	0	0	0	0	0	0
11	q14.3	0	0	0	0	0	0	0	0	0	0
11	q21	0	0	0	0	0	0	0	0	0	0
11	q22.1	0	0	0	0	0	0	0	0	0	0
11	q22.2	0	0	0	0	0	0	0	0	0	0
11	q22.3	0	0	0	0	0	0	0	0	0	0
11	q23.1	0	0	0	0	0	0	0	0	0	0
11	q23.2	0	0	0	0	0	0	0	0	0	0
11	q23.3	0	0	0	0	0	0	0	0	0	0
11	q24.1	0	0	0	0	0	0	0	0	0	0
11	q24.2	0	0	0	0	0	0	0	0	0	0
11	q24.3	0	0	0	0	0	0	0	0	0	0
11	q25	0	0	0	0	0	0	0	0	0	0
11	junction2	0	0	0	0	0	0	0	0	0	0
12	junction1	0	0	0	0	0	0	0	0	0	0
12	p13.33	0	0	0	0	0	0	0	0	0	0
12	p13.32	0	0	0	0	0	0	0	0	0	0
12	p13.31	0	0	0	0	0	0	0	0	0	0
12	p13.2	0	0	0	0	0	0	0	0	0	0
12	p13.1	0	0	0	0	0	0	0	0	0	0
12	p12.3	0	0	0	0	0	0	0	0	0	0
12	p12.2	0	0	0	0	0	0	0	0	0	0
12	p12.1	0	0	0	0	0	0	0	0	0	0
12	p11.23	0	0	0	0	0	0	0	0	0	0
12	p11.22	0	0	0	0	0	0	0	0	0	0
12	p11.21	0	0	0	0	0	0	0	0	0	0
12	p11.1	0	0	0	0	0	0	0	0	0	0
12	q11	0	0	0	0	0	0	0	0	0	0
12	q12	0	0	0	0	0	0	0	0	0	0
12	q13.11	0	0	0	0	0	0	0	0	0	0
12	q13.12	0	0	0	0	0	0	0	0	0	0
12	q13.13	0	0	0	0	0	0	0	0	0	0
12	q13.2	0	0	0	0	0	0	0	0	0	0
12	q13.3	0	0	0	0	0	0	0	0	0	0
12	q14.1	0	0	0	0	0	0	0	0	0	0
12	q14.2	0	0	0	0	0	0	0	0	0	0
12	q14.3	0	0	0	0	0	0	0	0	0	0
12	q15	0	0	0	0	0	0	0	0	0	0
12	q21.1	0	0	0	0	0	0	0	0	0	0
12	q21.2	0	0	0	0	0	0	0	0	0	0
12	q21.31	0	0	0	0	0	0	0	0	0	0
12	q21.32	0	0	0	0	0	0	0	0	0	0
12	q21.33	0	0	0	0	0	0	0	0	0	0
12	q22	0	0	0	0	0	0	0	0	0	0
12	q23.1	0	0	0	0	0	0	0	0	0	0
12	q23.2	0	0	0	0	0	0	0	0	0	0
12	q23.3	0	0	0	0	0	0	0	0	0	0
12	q24.11	0	0	0	0	0	0	0	0	0	0
12	q24.12	0	0	0	0	0	0	0	0	0	0
12	q24.13	0	0	0	0	0	0	0	0	0	0
12	q24.21	0	0	0	0	0	0	0	0	0	0
12	q24.22	0	0	0	0	0	0	0	0	0	0
12	q24.23	0	0	0	0	0	0	0	0	0	0
12	q24.31	0	0	0	0	0	0	0	0	0	0
12	q24.32	0	0	0	0	0	0	0	0	0	0
12	q24.33	0	0	0	0	0	0	0	0	0	0
12	junction2	0	0	0	0	0	0	0	0	0	0
13	junction1	0	0	0	0	0	0	0	0	0	0
13	p13	0	0	0	0	0	0	0	0	0	0
13	p12	0	0	0	0	0	0	0	0	0	0
13	p11.2	0	0	0	0	0	0	0	0	0	0
13	p11.1	0	0	0	0	0	0	0	0	0	0
13	q11	0	0	0	0	0	0	0	0	0	0
13	q12.11	0	0	0	0	0	0	0	0	0	0
13	q12.12	0	0	0	0	0	0	0	0	0	0
13	q12.13	0	0	0	0	0	0	0	0	0	0
13	q12.2	0	0	0	0	0	0	0	0	0	0
13	q12.3	0	0	0	0	0	0	0	0	0	0
13	q13.1	0	0	0	0	0	0	0	0	0	0
13	q13.2	0	0	0	0	0	0	0	0	0	0
13	q13.3	0	0	0	0	0	0	0	0	0	0
13	q14.11	0	0	0	0	0	0	0	0	0	0
13	q14.12	0	0	0	0	0	0	0	0	0	0
13	q14.13	0	0	0	0	0	0	0	0	0	0
13	q14.2	0	0	0	0	0	0	0	0	0	0
13	q14.3	0	0	0	0	0	0	0	0	0	0
13	q21.1	0	0	0	0	0	0	0	0	0	0
13	q21.2	0	0	0	0	0	0	0	0	0	0
13	q21.31	0	0	0	0	0	0	0	0	0	0
13	q21.32	0	0	0	0	0	0	0	0	0	0
13	q21.33	0	0	0	0	0	0	0	0	0	0
13	q22.1	0	0	0	0	0	0	0	0	0	0
13	q22.2	0	0	0	0	0	0	0	0	0	0
13	q22.3	0	0	0	0	0	0	0	0	0	0
13	q31.1	0	0	0	0	0	0	0	0	0	0
13	q31.2	0	0	0	0	0	0	0	0	0	0
13	q31.3	0	0	0	0	0	0	0	0	0	0
13	q32.1	0	0	0	0	0	0	0	0	0	0
13	q32.2	0	0	0	0	0	0	0	0	0	0
13	q32.3	0	0	0	0	0	0	0	0	0	0
13	q33.1	0	0	0	0	0	0	0	0	0	0
13	q33.2	0	0	0	0	0	0	0	0	0	0
13	q33.3	0	0	0	0	0	0	0	0	0	0
13	q34	0	0	0	0	0	0	0	0	0	0
13	junction2	0	0	0	0	0	0	0	0	0	0
14	junction1	0	0	0	0	0	0	0	0	0	0
14	p13	0	0	0	0	0	0	0	0	0	0
14	p12	0	0	0	0	0	0	0	0	0	0
14	p11.2	0	0	0	0	0	0	0	0	0	0
14	p11.1	0	0	0	0	0	0	0	0	0	0
14	q11.1	0	0	0	0	0	0	0	0	0	0
14	q11.2	0	0	0	0	0	0	0	0	0	0
14	q12	0	0	0	0	0	0	0	0	0	0
14	q13.1	0	0	0	0	0	0	0	0	0	0
14	q13.2	0	0	0	0	0	0	0	0	0	0
14	q13.3	0	0	0	0	0	0	0	0	0	0
14	q21.1	0	0	0	0	0	0	0	0	0	0
14	q21.2	0	0	0	0	0	0	0	0	0	0
14	q21.3	0	0	0	0	0	0	0	0	0	0
14	q22.1	0	0	0	0	0	0	0	0	0	0
14	q22.2	0	0	0	0	0	0	0	0	0	0
14	q22.3	0	0	0	0	0	0	0	0	0	0
14	q23.1	0	0	0	0	0	0	0	0	0	0
14	q23.2	0	0	0	0	0	0	0	0	0	0
14	q23.3	0	0	0	0	0	0	0	0	0	0
14	q24.1	0	0	0	0	0	0	0	0	0	0
14	q24.2	0	0	0	0	0	0	0	0	0	0
14	q24.3	0	0	0	0	0	0	0	0	0	0
14	q31.1	0	0	0	0	0	0	0	0	0	0
14	q31.2	0	0	0	0	0	0	0	0	0	0
14	q31.3	0	0	0	0	0	0	0	0	0	0
14	q32.11	0	0	0	0	0	0	0	0	0	0
14	q32.12	0	0	0	0	0	0	0	0	0	0
14	q32.13	0	0	0	0	0	0	0	0	0	0
14	q32.2	0	0	0	0	0	0	0	0	0	0
14	q32.31	0	0	0	0	0	0	0	0	0	0
14	q32.32	0	0	0	0	0	0	0	0	0	0
14	q32.33	0	0	0	0	0	0	0	0	0	0
14	junction2	0	0	0	0	0	0	0	0	0	0
15	junction1	0	0	0	0	0	0	0	0	0	0
15	p13	0	0	0	0	0	0	0	0	0	0
15	p12	0	0	0	0	0	0	0	0	0	0
15	p11.2	0	0	0	0	0	0	0	0	0	0
15	p11.1	0	0	0	0	0	0	0	0	0	0
15	q11.1	0	0	0	0	0	0	0	0	0	0
15	q11.2	0	0	0	0	0	0	0	0	0	0
15	q12	0	0	0	0	0	0	0	0	0	0
15	q13.1	0	0	0	0	0	0	0	0	0	0
15	q13.2	0	0	0	0	0	0	0	0	0	0
15	q13.3	0	0	0	0	0	0	0	0	0	0
15	q14	0	0	0	0	0	0	0	0	0	0
15	q15.1	0	0	0	0	0	0	0	0	0	0
15	q15.2	0	0	0	0	0	0	0	0	0	0
15	q15.3	0	0	0	0	0	0	0	0	0	0
15	q21.1	0	0	0	0	0	0	0	0	0	0
15	q21.2	0	0	0	0	0	0	0	0	0	0
15	q21.3	0	0	0	0	0	0	0	0	0	0
15	q22.1	0	0	0	0	0	0	0	0	0	0
15	q22.2	0	0	0	0	0	0	0	0	0	0
15	q22.31	0	0	0	0	0	0	0	0	0	0
15	q22.32	0	0	0	0	0	0	0	0	0	0
15	q22.33	0	0	0	0	0	0	0	0	0	0
15	q23	0	0	0	0	0	0	0	0	0	0
15	q24.1	0	0	0	0	0	0	0	0	0	0
15	q24.2	0	0	0	0	0	0	0	0	0	0
15	q24.3	0	0	0	0	0	0	0	0	0	0
15	q25.1	0	0	0	0	0	0	0	0	0	0
15	q25.2	0	0	0	0	0	0	0	0	0	0
15	q25.3	0	0	0	0	0	0	0	0	0	0
15	q26.1	0	0	0	0	0	0	0	0	0	0
15	q26.2	0	0	0	0	0	0	0	0	0	0
15	q26.3	0	0	0	0	0	0	0	0	0	0
15	junction2	0	0	0	0	0	0	0	0	0	0
16	junction1	0	0	0	0	0	0	0	0	0	0
16	p13.3	0	0	0	0	0	0	0	0	0	0
16	p13.2	0	0	0	0	0	0	0	0	0	0
16	p13.13	0	0	0	0	0	0	0	0	0	0
16	p13.12	0	0	0	0	0	0	0	0	0	0
16	p13.11	0	0	0	0	0	0	0	0	0	0
16	p12.3	0	0	0	0	0	0	0	0	0	0
16	p12.2	0	0	0	0	0	0	0	0	0	0
16	p12.1	0	0	0	0	0	0	0	0	0	0
16	p11.2	0	0	0	0	0	0	0	0	0	0
16	p11.1	0	0	0	0	0	0	0	0	0	0
16	q11.1	0	0	0	0	0	0	0	0	0	0
16	q11.2	0	0	0	0	0	0	0	0	0	0
16	q12.1	0	0	0	0	0	0	0	0	0	0
16	q12.2	0	0	0	0	0	0	0	0	0	0
16	q13	0	0	0	0	0	0	0	0	0	0
16	q21	0	0	0	0	0	0	0	0	0	0
16	q22.1	0	0	0	0	0	0	0	0	0	0
16	q22.2	0	0	0	0	0	0	0	0	0	0
16	q22.3	0	0	0	0	0	0	0	0	0	0
16	q23.1	0	0	0	0	0	0	0	0	0	0
16	q23.2	0	0	0	0	0	0	0	0	0	0
16	q23.3	0	0	0	0	0	0	0	0	0	0
16	q24.1	0	0	0	0	0	0	0	0	0	0
16	q24.2	0	0	0	0	0	0	0	0	0	0
16	q24.3	0	0	0	0	0	0	0	0	0	0
16	junction2	0	0	0	0	0	0	0	0	0	0
17	junction1	0	0	0	0	0	0	0	0	0	0
17	p13.3	0	0	0	0	0	0	0	0	0	0
17	p13.2	0	0	0	0	0	0	0	0	0	0
17	p13.1	0	0	0	0	0	0	0	0	0	0
17	p12	0	0	0	0	0	0	0	0	0	0
17	p11.2	0	0	0	0	0	0	0	0	0	0
17	p11.1	0	0	0	0	0	0	0	0	0	0
17	q11.1	0	0	0	0	0	0	0	0	0	0
17	q11.2	0	0	0	0	0	0	0	0	0	0
17	q12	0	0	0	0	0	0	0	0	0	0
17	q21.1	0	0	0	0	0	0	0	0	0	0
17	q21.2	0	0	0	0	0	0	0	0	0	0
17	q21.31	0	0	0	0	0	0	0	0	0	0
17	q21.32	0	0	0	0	0	0	0	0	0	0
17	q21.33	0	0	0	0	0	0	0	0	0	0
17	q22	0	0	0	0	0	0	0	0	0	0
17	q23.1	0	0	0	0	0	0	0	0	0	0
17	q23.2	0	0	0	0	0	0	0	0	0	0
17	q23.3	0	0	0	0	0	0	0	0	0	0
17	q24.1	0	0	0	0	0	0	0	0	0	0
17	q24.2	0	0	0	0	0	0	0	0	0	0
17	q24.3	0	0	0	0	0	0	0	0	0	0
17	q25.1	0	0	0	0	0	0	0	0	0	0
17	q25.2	0	0	0	0	0	0	0	0	0	0
17	q25.3	0	0	0	0	0	0	0	0	0	0
17	junction2	0	0	0	0	0	0	0	0	0	0
18	junction1	0	0	0	0	0	0	0	0	0	0
18	p11.32	0	0	0	0	0	0	0	0	0	0
18	p11.31	0	0	0	0	0	0	0	0	0	0
18	p11.23	0	0	0	0	0	0	0	0	0	0
18	p11.22	0	0	0	0	0	0	0	0	0	0
18	p11.21	0	0	0	0	0	0	0	0	0	0
18	p11.1	0	0	0	0	0	0	0	0	0	0
18	q11.1	0	0	0	0	0	0	0	0	0	0
18	q11.2	0	0	0	0	0	0	0	0	0	0
18	q12.1	0	0	0	0	0	0	0	0	0	0
18	q12.2	0	0	0	0	0	0	0	0	0	0
18	q12.3	0	0	0	0	0	0	0	0	0	0
18	q21.1	0	0	0	0	0	0	0	0	0	0
18	q21.2	0	0	0	0	0	0	0	0	0	0
18	q21.31	0	0	0	0	0	0	0	0	0	0
18	q21.32	0	0	0	0	0	0	0	0	0	0
18	q21.33	0	0	0	0	0	0	0	0	0	0
18	q22.1	0	0	0	0	0	0	0	0	0	0
18	q22.2	0	0	0	0	0	0	0	0	0	0
18	q22.3	0	0	0	0	0	0	0	0	0	0
18	q23	0	0	0	0	0	0	0	0	0	0
18	junction2	0	0	0	0	0	0	0	0	0	0
19	junction1	0	0	0	0	0	0	0	0	0	0
19	p13.3	0	0	0	0	0	0	0	0	0	0
19	p13.2	0	0	0	0	0	0	0	0	0	0
19	p13.13	0	0	0	0	0	0	0	0	0	0
19	p13.12	0	0	0	0	0	0	0	0	0	0
19	p13.11	0	0	0	0	0	0	0	0	0	0
19	p12	0	0	0	0	0	0	0	0	0	0
19	p11	0	0	0	0	0	0	0	0	0	0
19	q11	0	0	0	0	0	0	0	0	0	0
19	q12	0	0	0	0	0	0	0	0	0	0
19	q13.11	0	0	0	0	0	0	0	0	0	0
19	q13.12	0	0	0	0	0	0	0	0	0	0
19	q13.13	0	0	0	0	0	0	0	0	0	0
19	q13.2	0	0	0	0	0	0	0	0	0	0
19	q13.31	0	0	0	0	0	0	0	0	0	0
19	q13.32	0	0	0	0	0	0	0	0	0	0
19	q13.33	0	0	0	0	0	0	0	0	0	0
19	q13.41	0	0	0	0	0	0	0	0	0	0
19	q13.42	0	0	0	0	0	0	0	0	0	0
19	q13.43	0	0	0	0	0	0	0	0	0	0
19	junction2	0	0	0	0	0	0	0	0	0	0
20	junction1	0	0	0	0	0	0	0	0	0	0
20	p13	0	0	0	0	0	0	0	0	0	0
20	p12.3	0	0	0	0	0	0	0	0	0	0
20	p12.2	0	0	0	0	0	0	0	0	0	0
20	p12.1	0	0	0	0	0	0	0	0	0	0
20	p11.23	0	0	0	0	0	0	0	0	0	0
20	p11.22	0	0	0	0	0	0	0	0	0	0
20	p11.21	0	0	0	0	0	0	0	0	0	0
20	p11.1	0	0	0	0	0	0	0	0	0	0
20	q11.1	0	0	0	0	0	0	0	0	0	0
20	q11.21	0	0	0	0	0	0	0	0	0	0
20	q11.22	0	0	0	0	0	0	0	0	0	0
20	q11.23	0	0	0	0	0	0	0	0	0	0
20	q12	0	0	0	0	0	0	0	0	0	0
20	q13.11	0	0	0	0	0	0	0	0	0	0
20	q13.12	0	0	0	0	0	0	0	0	0	0
20	q13.13	0	0	0	0	0	0	0	0	0	0
20	q13.2	0	0	0	0	0	0	0	0	0	0
20	q13.31	0	0	0	0	0	0	0	0	0	0
20	q13.32	0	0	0	0	0	0	0	0	0	0
20	q13.33	0	0	0	0	0	0	0	0	0	0
20	junction2	0	0	0	0	0	0	0	0	0	0
21	junction1	0	0	0	0	0	0	0	0	0	0
21	p13	0	0	0	0	0	0	0	0	0	0
21	p12	0	0	0	0	0	0	0	0	0	0
21	p11.2	0	0	0	0	0	0	0	0	0	0
21	p11.1	0	0	0	0	0	0	0	0	0	0
21	q11.1	0	0	0	0	0	0	0	0	0	0
21	q11.2	0	0	0	0	0	0	0	0	0	0
21	q21.1	0	0	0	0	0	0	0	0	0	0
21	q21.2	0	0	0	0	0	0	0	0	0	0
21	q21.3	0	0	0	0	0	0	0	0	0	0
21	q22.11	0	0	0	0	0	0	0	0	0	0
21	q22.12	0	0	0	0	0	0	0	0	0	0
21	q22.13	0	0	0	0	0	0	0	0	0	0
21	q22.2	0	0	0	0	0	0	0	0	0	0
21	q22.3	0	0	0	0	0	0	0	0	0	0
21	junction2	0	0	0	0	0	0	0	0	0	0
22	junction1	0	0	0	0	0	0	0	0	0	0
22	p13	0	0	0	0	0	0	0	0	0	0
22	p12	0	0	0	0	0	0	0	0	0	0
22	p11.2	0	0	0	0	0	0	0	0	0	0
22	p11.1	0	0	0	0	0	0	0	0	0	0
22	q11.1	0	0	0	0	0	0	0	0	0	0
22	q11.21	0	0	0	0	0	0	0	0	0	0
22	q11.22	0	0	0	0	0	0	0	0	0	0
22	q11.23	0	0	0	0	0	0	0	0	0	0
22	q12.1	0	0	0	0	0	0	0	0	0	0
22	q12.2	0	0	0	0	0	0	0	0	0	0
22	q12.3	0	0	0	0	0	0	0	0	0	0
22	q13.1	0	0	0	0	0	0	0	0	0	0
22	q13.2	0	0	0	0	0	0	0	0	0	0
22	q13.31	0	0	0	0	0	0	0	0	0	0
22	q13.32	0	0	0	0	0	0	0	0	0	0
22	q13.33	0	0	0	0	0	0	0	0	0	0
22	junction2	0	0	0	0	0	0	0	0	0	0
X	junction1	0	0	0	0	0	0	0	0	0	0
X	p22.33	0	0	0	0	0	0	0	0	0	0
X	p22.32	0	0	0	0	0	0	0	0	0	0
X	p22.31	0	0	0	0	0	0	0	0	0	0
X	p22.2	0	0	0	0	0	0	0	0	0	0
X	p22.13	0	0	0	0	0	0	0	0	0	0
X	p22.12	0	0	0	0	0	0	0	0	0	0
X	p22.11	0	0	0	0	0	0	0	0	0	0
X	p21.3	0	0	0	0	0	0	0	0	0	0
X	p21.2	0	0	0	0	0	0	0	0	0	0
X	p21.1	0	0	0	0	0	0	0	0	0	0
X	p11.4	0	0	0	0	0	0	0	0	0	0
X	p11.3	0	0	0	0	0	0	0	0	0	0
X	p11.23	0	0	0	0	0	0	0	0	0	0
X	p11.22	0	0	0	0	0	0	0	0	0	0
X	p11.21	0	0	0	0	0	0	0	0	0	0
X	p11.1	0	0	0	0	0	0	0	0	0	0
X	q11.1	0	0	0	0	0	0	0	0	0	0
X	q11.2	0	0	0	0	0	0	0	0	0	0
X	q12	0	0	0	0	0	0	0	0	0	0
X	q13.1	0	0	0	0	0	0	0	0	0	0
X	q13.2	0	0	0	0	0	0	0	0	0	0
X	q13.3	0	0	0	0	0	0	0	0	0	0
X	q21.1	0	0	0	0	0	0	0	0	0	0
X	q21.2	0	0	0	0	0	0	0	0	0	0
X	q21.31	0	0	0	0	0	0	0	0	0	0
X	q21.32	0	0	0	0	0	0	0	0	0	0
X	q21.33	0	0	0	0	0	0	0	0	0	0
X	q22.1	0	0	0	0	0	0	0	0	0	0
X	q22.2	0	0	0	0	0	0	0	0	0	0
X	q22.3	0	0	0	0	0	0	0	0	0	0
X	q23	0	0	0	0	0	0	0	0	0	0
X	q24	0	0	0	0	0	0	0	0	0	0
X	q25	0	0	0	0	0	0	0	0	0	0
X	q26.1	0	0	0	0	0	0	0	0	0	0
X	q26.2	0	0	0	0	0	0	0	0	0	0
X	q26.3	0	0	0	0	0	0	0	0	0	0
X	q27.1	0	0	0	0	0	0	0	0	0	0
X	q27.2	0	0	0	0	0	0	0	0	0	0
X	q27.3	0	0	0	0	0	0	0	0	0	0
X	q28	0	0	0	0	0	0	0	0	0	0
X	junction2	0	0	0	0	0	0	0	0	0	0
Y	junction1	0	0	0	0	0	0	0	0	0	0
Y	p11.32	0	0	0	0	0	0	0	0	0	0
Y	p11.31	0	0	0	0	0	0	0	0	0	0
Y	p11.2	0	0	0	0	0	0	0	0	0	0
Y	p11.1	0	0	0	0	0	0	0	0	0	0
Y	q11.1	0	0	0	0	0	0	0	0	0	0
Y	q11.21	0	0	0	0	0	0	0	0	0	0
Y	q11.221	0	0	0	0	0	0	0	0	0	0
Y	q11.222	0	0	0	0	0	0	0	0	0	0
Y	q11.223	0	0	0	0	0	0	0	0	0	0
Y	q11.23	0	0	0	0	0	0	0	0	0	0
Y	q12	0	0	0	0	0	0	0	0	0	0
Y	junction2	0	0	0	0	0	0	0	0	0	0
unmapped	unmapped	42888	242162	317234	17122	19200	10586	11982	11029	11187	438846
